,movieId,num_ratings,avg_rating,title,genres,imdbId,overview,release_date,poster_path,backdrop_path
0,2502,94,4.090425531914893,Office Space (1999),Comedy|Crime,151804,"A depressed white-collar worker tries hypnotherapy, only to find himself in a perpetual state of devil-may-care bliss that prompts him to start living by his own rules, and hatch a hapless attempt to embezzle money from his soul-killing employers.",1999-02-19,/iEmTwOkUaLziMQCUZii5wPQBIAO.jpg,/g7o5O6xRWkMiwHXiYMPC690YEL4.jpg
1,2571,278,4.192446043165468,"Matrix, The (1999)",Action|Sci-Fi|Thriller,133093,"Set in the 22nd century, The Matrix tells the story of a computer hacker who joins a group of underground insurgents fighting the vast and powerful computers who now rule the earth.",1999-03-31,/dXNAPwY7VrqMAo51EKhhCJfaGb5.jpg,/tlm8UkiQsitc8rSuIAscQDCnP8d.jpg
2,2628,140,3.107142857142857,Star Wars: Episode I - The Phantom Menace (1999),Action|Adventure|Sci-Fi,120915,"Anakin Skywalker, a young slave strong with the Force, is discovered on Tatooine. Meanwhile, the evil Sith have returned, enacting their plot for revenge against the Jedi.",1999-05-19,/6wkfovpn7Eq8dYNKaG5PY3q2oq6.jpg,/3TeGmKJfkik1D1rIoqGb1aR4k9c.jpg
3,2683,121,3.1983471074380163,Austin Powers: The Spy Who Shagged Me (1999),Action|Adventure|Comedy,145660,"When diabolical genius Dr. Evil travels back in time to steal superspy Austin Powers's ‘mojo,’ Austin must return to the swingin' '60s himself - with the help of American agent, Felicity Shagwell - to stop the dastardly plan. Once there, Austin faces off against Dr. Evil's army of minions to try to save the world in his own unbelievably groovy way.",1999-06-08,/jiF7UShERJFn5RtgfBK2lIJrOTc.jpg,/xI1tAzzUk2v9nON6DLAHzcOLK42.jpg
4,2706,103,3.378640776699029,American Pie (1999),Comedy|Romance,163651,"At a high-school party, four friends find that losing their collective virginity isn't as easy as they had thought. But they still believe that they need to do so before college. To motivate themselves, they enter a pact to all ""score"" by their senior prom.",1999-07-09,/5P68by2Thn8wHAziyWGEw2O7hco.jpg,/cvH1gNIMRITdLzoWv1HNAbRyH3n.jpg
5,2762,179,3.893854748603352,"Sixth Sense, The (1999)",Drama|Horror|Mystery,167404,"Following an unexpected tragedy, child psychologist Malcolm Crowe meets a nine year old boy named Cole Sear, who is hiding a dark secret.",1999-08-06,/vOyfUXNFSnaTk7Vk5AjpsKTUWsu.jpg,/6TjllWT3cGrPFyqDXurVZ3L8bBi.jpg
6,2858,204,4.056372549019608,American Beauty (1999),Drama|Romance,169547,"Lester Burnham, a depressed suburban father in a mid-life crisis, decides to turn his hectic life around after developing an infatuation with his daughter's attractive friend.",1999-09-15,/wby9315QzVKdW9BonAefg8jGTTb.jpg,/2ndw55F40IkALzWyjCCza3M6nqM.jpg
7,2959,218,4.272935779816514,Fight Club (1999),Action|Crime|Drama|Thriller,137523,"A ticking-time-bomb insomniac and a slippery soap salesman channel primal male aggression into a shocking new form of therapy. Their concept catches on, with underground ""fight clubs"" forming in every town, until an eccentric gets in the way and ignites an out-of-control spiral toward oblivion.",1999-10-15,/jSziioSwPVrOy9Yow3XhWIBDjq1.jpg,/c6OLXfKAk5BKeR6broC8pYiCquX.jpg
8,2997,99,3.9545454545454546,Being John Malkovich (1999),Comedy|Drama|Fantasy,120601,"One day at work, unsuccessful puppeteer Craig finds a portal into the head of actor John Malkovich. The portal soon becomes a passion for anybody who enters its mad and controlling world of overtaking another human body.",1999-10-29,/31FGQu3OnwdmS4COquENe0vMZc0.jpg,/1Nyjb7aeRKynWgmOl8he5ZcvWLm.jpg
9,3114,97,3.8608247422680413,Toy Story 2 (1999),Adventure|Animation|Children|Comedy|Fantasy,120363,"Andy heads off to Cowboy Camp, leaving his toys to their own devices. Things shift into high gear when an obsessive toy collector named Al McWhiggen, owner of Al's Toy Barn kidnaps Woody. Andy's toys mount a daring rescue mission, Buzz Lightyear meets his match and Woody has to decide where he and his heart truly belong.",1999-10-30,/4rbcp3ng8n1MKHjpeqW0L7Fnpzz.jpg,/nsfVr4QbbunUrHINN9N7JdVAMTf.jpg
10,3147,111,4.148648648648648,"Green Mile, The (1999)",Crime|Drama,120689,"A supernatural tale set on death row in a Southern prison, where gentle giant John Coffey possesses the mysterious power to heal people's ailments. When the cell block's head guard, Paul Edgecomb, recognizes Coffey's miraculous gift, he tries desperately to help stave off the condemned man's execution.",1999-12-10,/8VG8fDNiy50H4FedGwdSVUPoaJe.jpg,/amZavErrjrdgDwhsIdpWxHNenIx.jpg
11,3578,170,3.9382352941176473,Gladiator (2000),Action|Adventure|Drama,172495,"After the death of Emperor Marcus Aurelius, his devious son takes power and demotes Maximus, one of Rome's most capable generals who Marcus preferred. Eventually, Maximus is forced to become a gladiator and battle to the death against other men for the amusement of paying audiences.",2000-05-04,/aDb548BOkFfI4nFm0kx8A3Ezh7H.jpg,/Ar7QuJ7sJEiC0oP3I8fKBKIQD9u.jpg
12,3793,133,3.699248120300752,X-Men (2000),Action|Adventure|Sci-Fi,120903,"Two mutants, Rogue and Wolverine, come to a private academy for their kind whose resident superhero team, the X-Men, must oppose a terrorist organization with similar powers.",2000-07-13,/bRDAc4GogyS9ci3ow7UnInOcriN.jpg,/3QUVzbcNyfGe3ocWkYAT8emK8Co.jpg
13,3948,91,3.4175824175824174,Meet the Parents (2000),Comedy,212338,"Greg Focker is ready to marry his girlfriend, Pam, but before he pops the question, he must win over her formidable father, humorless former CIA agent Jack Byrnes, at the wedding of Pam's sister. As Greg bends over backward to make a good impression, his visit to the Byrnes home turns into a hilarious series of disasters, and everything that can go wrong does, all under Jack's critical, hawklike gaze.",2000-10-06,/5tXJ9ctuyEOMUFLaeqRisbXowWs.jpg,/qcVrlyPFlPgCsmzorvELvpJN9Be.jpg
14,3949,96,3.921875,Requiem for a Dream (2000),Drama,180093,The drug-induced utopias of four Coney Island residents are shattered when their addictions run deep.,2000-10-06,/9BTwsLaMVHOGFlmsSlx5QYCaXb.jpg,/fAGYRJCujRBMw7TCuTp893eSG8e.jpg
15,3996,110,3.8363636363636364,"Crouching Tiger, Hidden Dragon (Wo hu cang long) (2000)",Action|Drama|Romance,190332,"Two warriors in pursuit of a stolen sword and a notorious fugitive are led to an impetuous, physically-skilled, teenage nobleman's daughter, who is at a crossroads in her life.",2000-07-06,/iNDVBFNz4XyYzM9Lwip6atSTFqf.jpg,/nSm9cij9VRrGDoZoS16CPnX0FqK.jpg
16,4011,93,4.155913978494624,Snatch (2000),Comedy|Crime|Thriller,208092,"Unscrupulous boxing promoters, violent bookies, a Russian gangster, incompetent amateur robbers, and supposedly Jewish jewellers fight to track down a priceless stolen diamond.",2000-09-01,/kJZoAHq1SLDdWjeNGtlHAnGpmFV.jpg,/gTghF8ardwJ48XLHkiapWk3ZmSo.jpg
17,4022,100,3.7,Cast Away (2000),Drama,162222,"Chuck Noland, a top international manager for FedEx, and Kelly, a Ph.D. student, are in love and heading towards marriage. Then Chuck's plane to Malaysia crashes at sea during a terrible storm. He's the only survivor, and finds himself marooned on a desolate island. With no way to escape, Chuck must find ways to survive in his new home.",2000-12-22,/7lLJgKnAicAcR5UEuo8xhSMj18w.jpg,/oCFVYPXI4IfhtF3GapU2jkDicDI.jpg
18,4027,94,3.8085106382978724,"O Brother, Where Art Thou? (2000)",Adventure|Comedy|Crime,190590,"In the deep south during the 1930s, three escaped convicts search for hidden treasure while a relentless lawman pursues them.",2000-08-30,/2YztYilviFCYcEtDAnrOstUWGie.jpg,/rbsm633lnt3hKHEpk7FOt3dy82a.jpg
19,4226,159,4.122641509433962,Memento (2000),Mystery|Thriller,209144,"Leonard Shelby is tracking down the man who raped and murdered his wife. The difficulty of locating his wife's killer, however, is compounded by the fact that he suffers from a rare, untreatable form of short-term memory loss. Although he can recall details of life before his accident, Leonard cannot remember what happened fifteen minutes ago, where he's going, or why.",2000-10-11,/nzlv62aC0octS5AklAiWpXLX9Z0.jpg,/7Wev9JMo6R5XAfz2KDvXb7oPMmy.jpg
20,4306,170,3.8676470588235294,Shrek (2001),Adventure|Animation|Children|Comedy|Fantasy|Romance,126029,"It ain't easy bein' green -- especially if you're a likable (albeit smelly) ogre named Shrek. On a mission to retrieve a gorgeous princess from the clutches of a fire-breathing dragon, Shrek teams up with an unlikely compatriot -- a wisecracking donkey.",2001-05-18,/iB64vpL3dIObOtMZgX3RqdVdQDc.jpg,/w0eKUOEog2ImtktCHAMUZws8qif.jpg
21,4878,109,3.981651376146789,Donnie Darko (2001),Drama|Mystery|Sci-Fi|Thriller,246578,"After narrowly escaping a bizarre accident, a troubled teenager is plagued by visions of a large bunny rabbit that manipulates him to commit a series of crimes.",2001-01-19,/j2AtZFsflxiluaNtajMTI0Avm8C.jpg,/msCHK5Kh1YbdZ0zPJ2nzPUhhSN9.jpg
22,4886,132,3.871212121212121,"Monsters, Inc. (2001)",Adventure|Animation|Children|Comedy|Fantasy,198781,"Lovable Sulley and his wisecracking sidekick Mike Wazowski are the top scare team at Monsters, Inc., the scream-processing factory in Monstropolis. When a little girl named Boo wanders into their world, it's the monsters who are scared silly, and it's up to Sulley and Mike to keep her out of sight and get her back home.",2001-11-01,/wFSpyMsp7H0ttERbxY7Trlv8xry.jpg,/c7VbRPlev1bRfKvTxr98erw5T7B.jpg
23,4896,107,3.7616822429906542,Harry Potter and the Sorcerer's Stone (a.k.a. Harry Potter and the Philosopher's Stone) (2001),Adventure|Children|Fantasy,241527,"Harry Potter has lived under the stairs at his aunt and uncle's house his whole life. But on his 11th birthday, he learns he's a powerful wizard—with a place waiting for him at the Hogwarts School of Witchcraft and Wizardry. As he learns to harness his newfound powers with the help of the school's kindly headmaster, Harry uncovers the truth about his parents' deaths—and about the villain who's to blame.",2001-11-16,/wuMc08IPKEatf9rnMNXvIDxqP4W.jpg,/hziiv14OpD73u9gAak4XDDfBKa2.jpg
24,4963,119,3.8445378151260505,Ocean's Eleven (2001),Crime|Thriller,240772,"Less than 24 hours into his parole, charismatic thief Danny Ocean is already rolling out his next plan: In one night, Danny's hand-picked crew of specialists will attempt to steal more than $150 million from three Las Vegas casinos. But to score the cash, Danny risks his chances of reconciling with ex-wife, Tess.",2001-12-07,/hQQCdZrsHtZyR6NbKH2YyCqd2fR.jpg,/ncoqdHs1poUaBqyKic9YI8ai7MP.jpg
25,4973,120,4.183333333333334,"Amelie (Fabuleux destin d'Amélie Poulain, Le) (2001)",Comedy|Romance,211915,"At a tiny Parisian café, the adorable yet painfully shy Amélie accidentally discovers a gift for helping others. Soon Amelie is spending her days as a matchmaker, guardian angel, and all-around do-gooder. But when she bumps into a handsome stranger, will she find the courage to become the star of her very own love story?",2001-04-25,/nSxDa3M9aMvGVLoItzWTepQ5h5d.jpg,/6n53UI4mX9QMfe2S0Pgt8mGebY1.jpg
26,4993,198,4.106060606060606,"Lord of the Rings: The Fellowship of the Ring, The (2001)",Adventure|Fantasy,120737,"Young hobbit Frodo Baggins, after inheriting a mysterious ring from his uncle Bilbo, must leave his home in order to keep it from falling into the hands of its evil creator. Along the way, a fellowship is formed to protect the ringbearer and make sure that the ring arrives at its final destination: Mt. Doom, the only place where it can be destroyed.",2001-12-18,/6oom5QYQ2yQTMJIbnvbkBL9cHo6.jpg,/z51Wzj94hvAIsWfknifKTqKJRwp.jpg
27,4995,123,4.0,"Beautiful Mind, A (2001)",Drama|Romance,268978,"From the heights of notoriety to the depths of depravity, John Forbes Nash Jr. experiences it all. As a brilliant but socially awkward mathematician, he made a groundbreaking discovery early in his career and stands on the brink of international acclaim. But as the handsome and arrogant Nash accepts secret work in cryptography, he becomes entangled in a mysterious conspiracy. His life takes a nightmarish turn and he soon finds himself on a painful and harrowing journey of self-discovery.",2001-12-14,/rEIg5yJdNOt9fmX4P8gU9LeNoTQ.jpg,/hCJFWTPghXCwwSpvPpAoIB8318Q.jpg
28,5349,122,3.540983606557377,Spider-Man (2002),Action|Adventure|Sci-Fi|Thriller,145487,"After being bitten by a genetically altered spider at Oscorp, nerdy but endearing high school student Peter Parker is endowed with amazing powers to become the superhero known as Spider-Man.",2002-05-01,/or6XJBVpcEbIkma0V9zshnbEtx4.jpg,/zQ8AxTPiCiS5nnwXpwTBPBHSaa5.jpg
29,5378,92,3.157608695652174,Star Wars: Episode II - Attack of the Clones (2002),Action|Adventure|Sci-Fi|IMAX,121765,"Following an assassination attempt on Senator Padmé Amidala, Jedi Knights Anakin Skywalker and Obi-Wan Kenobi investigate a mysterious plot into the heart of the Separatist movement and the beginning of the Clone Wars.",2002-05-15,/oZNPzxqM2s5DyVWab09NTQScDQt.jpg,/cxvr2IOTwHcQa3EqMoQ8RHCkqBG.jpg
30,5418,112,3.8169642857142856,"Bourne Identity, The (2002)",Action|Mystery|Thriller,258463,"Wounded to the brink of death and suffering from amnesia, Jason Bourne is rescued at sea by a fisherman. With nothing to go on but a Swiss bank account number, he starts to reconstruct his life, but finds that many people he encounters want him dead. However, Bourne realizes that he has the combat and mental skills of a world-class spy—but who does he work for?",2002-06-14,/aP8swke3gmowbkfZ6lmNidu0y9p.jpg,/kJaRWmy1BGq3pHyE94LOTteiHer.jpg
31,5445,120,3.6375,Minority Report (2002),Action|Crime|Mystery|Sci-Fi|Thriller,181689,"John Anderton is a top 'Precrime' cop in the late-21st century, when technology can predict crimes before they're committed. But Anderton becomes the quarry when another investigator targets him for a murder charge.",2002-06-20,/qtgFcnwh9dAFLocsDk2ySDVS8UF.jpg,/PrMb3oeEluauy0q9ZO5xL33A6C.jpg
32,5816,102,3.5980392156862746,Harry Potter and the Chamber of Secrets (2002),Adventure|Fantasy,295297,"Cars fly, trees fight back, and a mysterious house-elf comes to warn Harry Potter at the start of his second year at Hogwarts. Adventure and danger await when bloody writing on a wall announces: The Chamber Of Secrets Has Been Opened. To save Hogwarts will require all of Harry, Ron and Hermione's magical abilities and courage.",2002-11-13,/sdEOH0992YZ0QSxgXNIGLq1ToUi.jpg,/bvRnPaai6JL7XHF4K6414DdSHro.jpg
33,5952,188,4.0212765957446805,"Lord of the Rings: The Two Towers, The (2002)",Adventure|Fantasy,167261,"Frodo Baggins and the other members of the Fellowship continue on their sacred quest to destroy the One Ring--but on separate paths. Their destinies lie at two towers--Orthanc Tower in Isengard, where the corrupt wizard Saruman awaits, and Sauron's fortress at Barad-dur, deep within the dark lands of Mordor.",2002-12-18,/5VTN0pR8gcqV3EPUHHfMGnJYN9L.jpg,/6G73mNyooWAEQTpckPSnFxFoNmc.jpg
34,5989,115,3.9217391304347826,Catch Me If You Can (2002),Crime|Drama,264464,"A true story about Frank Abagnale Jr. who, before his 19th birthday, successfully conned millions of dollars worth of checks as a Pan Am pilot, doctor, and legal prosecutor. An FBI agent makes it his mission to put him behind bars. But Frank not only eludes capture, he revels in the pursuit.",2002-12-16,/ctjEj2xM32OvBXCq8zAdK3ZrsAj.jpg,/ggC3Brchf4RqPitEh7cROFoeAWn.jpg
35,6365,96,3.3541666666666665,"Matrix Reloaded, The (2003)",Action|Adventure|Sci-Fi|Thriller|IMAX,234215,"The Resistance builds in numbers as humans are freed from the Matrix and brought to the city of Zion. Neo discovers his superpowers, including the ability to see the code inside the Matrix. With machine sentinels digging to Zion in 72 hours, Neo, Morpheus and Trinity must find the Keymaker to ultimately reach the Source.",2003-05-15,/8xEVAe84zlL9rkfYT6dZXero4KK.jpg,/ihOJcrorpDQtHTzIOrobbOhpJsj.jpg
36,6377,141,3.9609929078014185,Finding Nemo (2003),Adventure|Animation|Children|Comedy,266543,"Nemo, an adventurous young clownfish, is unexpectedly taken from his Great Barrier Reef home to a dentist's office aquarium. It's up to his worrisome father Marlin and a friendly but forgetful fish Dory to bring Nemo home -- meeting vegetarian sharks, surfer dude turtles, hypnotic jellyfish, hungry seagulls, and more along the way.",2003-05-30,/eHuGQ10FUzK1mdOY69wF5pGgEf5.jpg,/eCynaAOgYYiw5yN5lBwz3IxqvaW.jpg
37,6539,149,3.778523489932886,Pirates of the Caribbean: The Curse of the Black Pearl (2003),Action|Adventure|Comedy|Fantasy,325980,"When wily pirate Captain Barbossa seizes Jack Sparrow’s beloved ship, the Black Pearl, and kidnaps the governor’s daughter, Elizabeth Swann, blacksmith Will Turner reluctantly teams up with the unpredictable pirate Jack to rescue her—only to uncover a terrifying curse that turns Barbossa’s crew into the undead.",2003-07-09,/poHwCZeWzJCShH7tOjg8RIoyjcw.jpg,/uRNgkJSkNBFbbn9fPsEjDIy8Sh3.jpg
38,6874,131,3.9618320610687023,Kill Bill: Vol. 1 (2003),Action|Crime|Thriller,266697,"An assassin is shot by her ruthless employer, Bill, and other members of their assassination circle – but she lives to plot her vengeance.",2003-10-10,/v7TaX8kXMXs5yFFGR41guUDNcnB.jpg,/iffzIhuLAO38Po6sh1s6ZEVwlNL.jpg
39,7153,185,4.118918918918919,"Lord of the Rings: The Return of the King, The (2003)",Action|Adventure|Drama|Fantasy,167260,"As armies mass for a final battle that will decide the fate of the world--and powerful, ancient forces of Light and Dark compete to determine the outcome--one member of the Fellowship of the Ring is revealed as the noble heir to the throne of the Kings of Men. Yet, the sole hope for triumph over evil lies with a brave hobbit, Frodo, who, accompanied by his loyal friend Sam and the hideous, wretched Gollum, ventures deep into the very dark heart of Mordor on his seemingly impossible quest to destroy the Ring of Power.​",2003-12-17,/rCzpDGLbOoPwLjy3OAm5NUPOTrC.jpg,/2u7zbn8EudG6kLlBzUYqP8RyFU4.jpg
40,7361,131,4.1603053435114505,Eternal Sunshine of the Spotless Mind (2004),Drama|Romance|Sci-Fi,338013,"Joel Barish, heartbroken that his girlfriend underwent a procedure to erase him from her memory, decides to do the same. However, as he watches his memories of her fade away, he realises that he still loves her, and may be too late to correct his mistake.",2004-03-19,/5MwkWH9tYHv3mV9OdYTMR5qreIz.jpg,/W1ffLQGHoxfAOq0ZYdPtJlvAdb.jpg
41,7438,110,3.868181818181818,Kill Bill: Vol. 2 (2004),Action|Drama|Thriller,378194,"The Bride unwaveringly continues on her roaring rampage of revenge against the band of assassins who had tried to kill her and her unborn child. She visits each of her former associates one-by-one, checking off the victims on her Death List Five until there's nothing left to do … but kill Bill.",2004-04-16,/2yhg0mZQMhDyvUQ4rG1IZ4oIA8L.jpg,/pgG6tzJzC8mjGqhaT8IWwEk00xf.jpg
42,8360,92,3.5760869565217392,Shrek 2 (2004),Adventure|Animation|Children|Comedy|Musical|Romance,298148,"Happily ever after never seemed so far far away when a trip to meet the in-laws turns into a hilariously twisted adventure for Shrek and Fiona. With the help of ever-faithful Donkey, Shrek takes on the potion-brewing Fairy Godmother, pompous Prince Charming, and infamous ogre-killer Puss In Boots.",2004-05-19,/2yYP0PQjG8zVqturh1BAqu2Tixl.jpg,/8ohobj5lAIbl5XWw11FywS3IRrS.jpg
43,8368,93,3.913978494623656,Harry Potter and the Prisoner of Azkaban (2004),Adventure|Fantasy|IMAX,304141,Harry Potter's life is in danger once more as dangerous wizard Sirius Black has escaped from Azkaban Prison and is heading to Hogwarts.,2004-05-31,/aWxwnYoe8p2d2fcxOqtvAtJ72Rw.jpg,/vbk5CfaAHOjQPSAcYm6AoRRz2Af.jpg
44,8961,125,3.836,"Incredibles, The (2004)",Action|Adventure|Animation|Children|Comedy,317705,"Bob Parr has given up his superhero days to log in time as an insurance adjuster and raise his three children with his formerly heroic wife in suburbia. But when he receives a mysterious assignment, it's time to get back into costume.",2004-10-27,/2LqaLgk4Z226KkgPJuiOQ58wvrm.jpg,/lxwzY9vNwjDgxWKt3zZ6zcU6rEJ.jpg
45,33794,116,3.8620689655172415,Batman Begins (2005),Action|Crime|IMAX,372784,"Driven by tragedy, billionaire Bruce Wayne dedicates his life to uncovering and defeating the corruption that plagues his home, Gotham City.  Unable to work within the system, he instead creates a new identity, a symbol of fear for the criminal underworld - The Batman.",2005-06-10,/sPX89Td70IDDjVr85jdSBb4rWGr.jpg,/9IIBboV7MCT0bTxzXHmWK1Hq558.jpg
46,44191,100,3.885,V for Vendetta (2006),Action|Sci-Fi|Thriller|IMAX,434409,"In a world in which Great Britain has become a fascist state, a masked vigilante known only as “V” conducts guerrilla warfare against the oppressive British government. When V rescues a young woman from the secret police, he finds in her an ally with whom he can continue his fight to free the people of Britain.",2006-02-23,/1avD1JeaRiJX5M4ahPdZPypGoGN.jpg,/sFEYsEfzTx7hhjetlNrme8B5OUo.jpg
47,48516,107,4.252336448598131,"Departed, The (2006)",Crime|Drama|Thriller,407887,"To take down South Boston's Irish Mafia, the police send in one of their own to infiltrate the underworld, not realizing the syndicate has done likewise. While an undercover cop curries favor with the mob kingpin, a career criminal rises through the police ranks. But both sides soon discover there's a mole among them.",2006-10-04,/nT97ifVT2J1yMQmeq20Qblg61T.jpg,/6WRrGYalXXveItfpnipYdayFkQB.jpg
48,58559,149,4.238255033557047,"Dark Knight, The (2008)",Action|Crime|Drama|IMAX,468569,"Batman raises the stakes in his war on crime. With the help of Lt. Jim Gordon and District Attorney Harvey Dent, Batman sets out to dismantle the remaining criminal organizations that plague the streets. The partnership proves to be effective, but they soon find themselves prey to a reign of chaos unleashed by a rising criminal mastermind known to the terrified citizens of Gotham as the Joker.",2008-07-16,/qJ2tW6WMUDux911r6m7haRef0WH.jpg,/9FE5eD92WfVCiivM9Pq9GVSrlWk.jpg
49,59315,94,3.824468085106383,Iron Man (2008),Action|Adventure|Sci-Fi,371746,"After being held captive in an Afghan cave, billionaire engineer Tony Stark creates a unique weaponized suit of armor to fight evil.",2008-04-30,/78lPtwv72eTNqFW9COBYI0dWDJa.jpg,/cKvDv2LpwVEqbdXWoQl4XgGN6le.jpg
50,60069,104,4.0576923076923075,WALL·E (2008),Adventure|Animation|Children|Romance|Sci-Fi,910970,"After hundreds of years doing what he was built for, WALL•E— a robot designed to clean up the earth—discovers a new purpose in life when he meets a sleek search robot named EVE. EVE comes to realize that WALL•E has inadvertently stumbled upon the key to the planet's future, and races back to space to report to the humans. Meanwhile, WALL•E chases EVE across the galaxy and sets into motion one of the most imaginative adventures ever brought to the big screen.",2008-06-26,/hbhFnRzzg6ZDmm8YAmxBnQpQIPh.jpg,/nYs4ZwnJBK4AgljhvzwNz7fpr3E.jpg
51,68954,105,4.004761904761905,Up (2009),Adventure|Animation|Children|Drama,1049413,"Carl Fredricksen spent his entire life dreaming of exploring the globe and experiencing life to its fullest. But at age 78, life seems to have passed him by, until a twist of fate (and a persistent 8-year old Wilderness Explorer named Russell) gives him a new lease on life.",2009-05-28,/mFvoEwSfLqbcWwFsDjQebn9bzFe.jpg,/hGGC9gKo7CFE3fW07RA587e5kol.jpg
52,72998,97,3.6030927835051547,Avatar (2009),Action|Adventure|Sci-Fi|IMAX,499549,"In the 22nd century, a paraplegic Marine is dispatched to the moon Pandora on a unique mission, but becomes torn between following orders and protecting an alien civilization.",2009-12-16,/gKY6q7SjCkAU6FqvqWybDYgUKIF.jpg,/vL5LR6WdxWPjLPFRLe133jXWsh5.jpg
53,79132,143,4.066433566433567,Inception (2010),Action|Crime|Drama|Mystery|Sci-Fi|Thriller|IMAX,1375666,"Cobb, a skilled thief who commits corporate espionage by infiltrating the subconscious of his targets is offered a chance to regain his old life as payment for a task considered to be impossible: ""inception"", the implantation of another person's idea into a target's subconscious.",2010-07-15,/xlaY2zyzMfkhk0HSC5VUwzoZPU1.jpg,/8ZTVqvKDQ8emSGUEMjsS4yHAwrp.jpg
